titre,prix,ville,date_publication,url,source,page,date_scraping
Maison  aux  Lvelouje,14 500 000,Ù†ÙˆØ§ÙƒØ´ÙˆØ·,Vu 4692 fois,https://wassit.info/annonces/12434.html,wassit.info,1.0,2026-02-14
"Machine de brique, parpaing, pavÃ©s autobloquant",,Nouakchott - Mauritanie,Vu 4290 fois,https://wassit.info/annonces/12406.html,wassit.info,1.0,2026-02-14
Machine de fabrication de brique,,Nouakchott - Mauritanie,Vu 4325 fois,https://wassit.info/annonces/12405.html,wassit.info,1.0,2026-02-14
Machine a parpaing,,Nouakchott - Mauritanie,Vu 4126 fois,https://wassit.info/annonces/12403.html,wassit.info,1.0,2026-02-14
COMPLEXE A VENDRE,725 000,Nouadhibou - Mauritanie,Vu 4604 fois,https://wassit.info/annonces/12375.html,wassit.info,1.0,2026-02-14
Un appartement meublÃ© Ã  louer,150 000,Nouakchott - Mauritanie,Vu 5549 fois,https://wassit.info/annonces/12312.html,wassit.info,1.0,2026-02-14
Ø¯Ø§Ø± Ø§Ù„Ù†Ø¹ÙŠÙ… Ø­Ù‰ 20 Ù‚Ø±Ø¨ Ø§Ù„Ù…Ø·Ø§Ø± Ø§Ù„Ù‚Ø¯ÙŠÙ…,,Ù†ÙˆØ§ÙƒØ´ÙˆØ·,Vu 4316 fois,https://wassit.info/annonces/12274.html,wassit.info,1.0,2026-02-14
Ø¯Ø§Ø± Ø§Ù„Ù†Ø¹ÙŠÙ… Ø­Ù‰ 20 Ù‚Ø±Ø¨ Ø§Ù„Ù…Ø·Ø§Ø± Ø§Ù„Ù‚Ø¯ÙŠÙ…..,,Ù†ÙˆØ§ÙƒØ´ÙˆØ·,Vu 4061 fois,https://wassit.info/annonces/12273.html,wassit.info,1.0,2026-02-14
Terrain Ã  vendre dubai-toujouninie-nouakchott,800,Nouakchott - Mauritanie,Vu 4382 fois,https://wassit.info/annonces/12271.html,wassit.info,1.0,2026-02-14
Dar anaiym,3 500 000,Ù†ÙˆØ§ÙƒØ´ÙˆØ·,Vu 4392 fois,https://wassit.info/annonces/12270.html,wassit.info,1.0,2026-02-14
", Ø¯Ø§Ø± Ø§Ù„Ù†Ø¹ÙŠÙ… Ù‚Ø±Ø¨ Ø§Ù„Ù…Ø·Ø§Ø± Ø§Ù„Ù‚Ø¯ÙŠÙ…",,Ù†ÙˆØ§ÙƒØ´ÙˆØ·,Vu 3455 fois,https://wassit.info/annonces/12265.html,wassit.info,1.0,2026-02-14
"Suite, appartement de service tout neuf parque privÃ©e 10min de l ancien aeroport",9 500,Nouakchott - Mauritanie,Vu 3208 fois,https://wassit.info/annonces/12221.html,wassit.info,1.0,2026-02-14
Sac Ã  main montre et autres accessoires de marque dÃ©jÃ  utilisÃ©.,,Nouakchott - Mauritanie,Vu 2831 fois,https://wassit.info/annonces/12155.html,wassit.info,1.0,2026-02-14
Une maison Ã  vendre Ã  Las Palmas est une excellente opportunitÃ©,,Ù†ÙˆØ§ÙƒØ´ÙˆØ·,Vu 3047 fois,https://wassit.info/annonces/12145.html,wassit.info,1.0,2026-02-14
Station avec garage,60 000 000,Ù†ÙˆØ§ÙƒØ´ÙˆØ·,Vu 3355 fois,https://wassit.info/annonces/12136.html,wassit.info,1.0,2026-02-14
Ù‚Ø·Ø¹Ø© Ø§Ø±Ø¶ Ù„Ù„Ø¨ÙŠØ¹,,Ù†ÙˆØ§Ø°ÙŠØ¨Ùˆ,Vu 2862 fois,https://wassit.info/annonces/12100.html,wassit.info,1.0,2026-02-14
malh sekter 5,5 000 000,Ù†ÙˆØ§ÙƒØ´ÙˆØ·,Vu 2749 fois,https://wassit.info/annonces/12081.html,wassit.info,1.0,2026-02-14
RIYAD,5 500 000,Ù†ÙˆØ§ÙƒØ´ÙˆØ·,Vu 3061 fois,https://wassit.info/annonces/12080.html,wassit.info,1.0,2026-02-14
Studio ou appartement,50 000,Nouakchott - Mauritanie,Vu 3132 fois,https://wassit.info/annonces/12043.html,wassit.info,1.0,2026-02-14
PEAUGEOT 406,,Nouakchott - Mauritanie,Vu 2900 fois,https://wassit.info/annonces/12040.html,wassit.info,1.0,2026-02-14
Un trÃ¨s bonne maison Ã  vendre,800 000,Nouakchott - Mauritanie,Vu 6083 fois,https://wassit.info/annonces/11991.html,wassit.info,2.0,2026-02-14
Apartment Ã®lot C,100 000,Nouakchott - Mauritanie,Vu 3707 fois,https://wassit.info/annonces/11988.html,wassit.info,2.0,2026-02-14
Ø¨ÙŠØ¹ Ø´Ø§Ù†ØªÙŠØ© Ù„Ø§Ø­Ù‚ Ø§Ù„Ù…ØºØ·,4 700 000,Ù†ÙˆØ§ÙƒØ´ÙˆØ·,Vu 4139 fois,https://wassit.info/annonces/11976.html,wassit.info,2.0,2026-02-14
"Jeunes entrepreneurs profitez de l'occasion, vente d'un lavage bien situÃ©",350 000,Nouakchott - Mauritanie,Vu 4827 fois,https://wassit.info/annonces/11964.html,wassit.info,2.0,2026-02-14
Vendre un boutique a  nouveau marchÃ© de capitale,50 000 000,Ù†ÙˆØ§ÙƒØ´ÙˆØ·,Vu 3916 fois,https://wassit.info/annonces/11953.html,wassit.info,2.0,2026-02-14
Maison Ã  vendre,7 000 000,Ù†ÙˆØ§Ø°ÙŠØ¨Ùˆ,Vu 5813 fois,https://wassit.info/annonces/11942.html,wassit.info,2.0,2026-02-14
Je cherche un travail comme cuisine femme de mÃ©nage Secretaire,,Nouakchott - Mauritanie,Vu 3496 fois,https://wassit.info/annonces/11862.html,wassit.info,2.0,2026-02-14
Cherche du travail secretaire ou femme de mÃ©nage out inporte quoi,,Nouakchott - Mauritanie,Vu 2477 fois,https://wassit.info/annonces/11845.html,wassit.info,2.0,2026-02-14
Terrain de 600mÂ² dans la commune de Tiguent,4 000 000,Rosso - Mauritanie,Vu 4054 fois,https://wassit.info/annonces/11814.html,wassit.info,2.0,2026-02-14
Maison a etage a TEYARETT M'gezira 2,,Nouakchott - Mauritanie,Vu 8303 fois,https://wassit.info/annonces/1632.html,wassit.info,2.0,2026-02-14
Maison Ã  vendre Ã  Tensuellem,,Ù†ÙˆØ§ÙƒØ´ÙˆØ·,Vu 9717 fois,https://wassit.info/annonces/470.html,wassit.info,2.0,2026-02-14
MAISON A VOUM EL BASE,3 000 000,Nouadhibou - Mauritanie,Vu 9197 fois,https://wassit.info/annonces/115.html,wassit.info,2.0,2026-02-14